path,style_label,genre_label,artist_label,score,style_agree,genre_agree,artist_agree,style_conf,genre_conf,artist_conf
Realism/camille-pissarro_laundress-on-the-banks-of-the-river.jpg,12,2,2,4.695893359184265,0.05,0.0,0.0,0.5713808,0.37922245,0.30350336
Impressionism/john-singer-sargent_feet-of-an-arab-tiberias.jpg,7,8,11,4.666843461990356,0.1,0.05,0.05,0.53349257,0.31258357,0.2870804
Impressionism/pierre-auguste-renoir_man-on-a-staircase.jpg,7,6,17,4.665811669826508,0.0,0.3,0.0,0.31941563,0.5388285,0.17594422
Post_Impressionism/martiros-saryan_hrazdan-river-1903.jpg,11,4,13,4.657013154029846,0.1,0.2,0.1,0.36749166,0.3306463,0.2448489
Impressionism/camille-pissarro_study-for-all-saints-church-upper-norwood-1871.jpg,7,8,2,4.609735751152039,0.0,0.35,0.0,0.40598956,0.3211842,0.31309053
Impressionism/edgar-degas_portrait-of-a-woman.jpg,7,6,5,4.5524038672447205,0.1,0.1,0.05,0.4727032,0.3704751,0.35441783
Impressionism/camille-pissarro_poor-john.jpg,7,6,2,4.511482381820679,0.05,0.05,0.0,0.60994637,0.45406282,0.32450843
Realism/ilya-repin_landscape-zdravnevo.jpg,12,4,8,4.510556209087372,0.1,0.5,0.1,0.28654417,0.31760135,0.18529825
Realism/john-singer-sargent_a-game-of-bowls-ightham-mote-kent-1889.jpg,12,2,11,4.497544348239899,0.45,0.05,0.0,0.40621725,0.40481997,0.19141848
Impressionism/camille-pissarro_the-tedders.jpg,7,2,2,4.487134420871735,0.0,0.35,0.0,0.43438074,0.40600196,0.32248288
Impressionism/edgar-degas_madame-camus-with-a-fan-1870.jpg,7,6,5,4.478477489948272,0.1,0.1,0.1,0.40202743,0.56939614,0.2500989
Realism/nicholas-roerich_springs-in-izvara-1893.jpg,12,4,14,4.450584638118744,0.35,0.0,0.1,0.25740182,0.61922354,0.22279002
Impressionism/camille-pissarro_peasant-and-child.jpg,7,6,2,4.4139175653457645,0.05,0.05,0.0,0.49235415,0.5113891,0.4823392
Realism/pyotr-konchalovsky_winter-the-mill-on-the-ker-island-1903.jpg,12,4,18,4.402307188510894,0.05,0.1,0.0,0.41381204,0.5352689,0.49861187
Realism/camille-pissarro_study-for-the-banks-of-marne-in-winter-1866.jpg,12,8,2,4.388299143314361,0.4,0.0,0.25,0.31124723,0.29749525,0.35295838
Realism/vincent-van-gogh_the-old-cemetery-tower-at-nuenen-in-the-snow-1885.jpg,12,4,22,4.365387833118438,0.15,0.5,0.0,0.28587854,0.5450216,0.153712
Impressionism/camille-pissarro_haymaker.jpg,7,2,2,4.322918617725373,0.05,0.3,0.0,0.4069143,0.7084509,0.21171618
Realism/ilya-repin_birch-trees-sunny-day.jpg,12,8,8,4.296592140197754,0.3,0.05,0.0,0.49894664,0.3442548,0.5102064
Realism/pyotr-konchalovsky_on-the-deck-of-the-trawler.jpg,12,2,18,4.287721514701843,0.3,0.2,0.0,0.47235882,0.5736896,0.16623005
Impressionism/camille-pissarro_chestnut-trees-louveciennes-winter-1872.jpg,7,4,2,4.280024480819702,0.0,0.05,0.0,0.5588476,0.8093837,0.3017442
Post_Impressionism/salvador-dali_portrait-of-the-artist-s-mother.jpg,11,6,21,4.269361770153045,0.15,0.75,0.0,0.3144136,0.40342426,0.11280036
Impressionism/camille-pissarro_kneeling-woman.jpg,7,6,2,4.245553016662598,0.05,0.45,0.0,0.48592326,0.5950104,0.17351328
Impressionism/claude-monet_anglers-on-the-seine-at-poissy(1).jpg,7,2,4,4.22355477809906,0.0,0.2,0.0,0.67674726,0.38232115,0.51737684
Realism/nicholas-roerich_elders-gathering.jpg,12,2,14,4.215806484222412,0.0,0.0,0.0,0.42783958,0.7841302,0.5722237
Impressionism/camille-pissarro_house-on-a-cliff.jpg,7,4,2,4.213507103919983,0.2,0.0,0.0,0.56912875,0.6263553,0.39100885
Realism/john-singer-sargent_poppies-1886.jpg,12,4,11,4.208688318729401,0.05,0.4,0.3,0.46503448,0.3985111,0.17776611
Impressionism/childe-hassam_mrs-hassam-knitting.jpg,7,6,3,4.205159914493561,0.05,0.0,0.0,0.76811945,0.51579833,0.4609223
Post_Impressionism/pablo-picasso_moulin-de-la-galette-1900.jpg,11,2,15,4.1935183763504025,0.0,0.4,0.0,0.5288756,0.52816004,0.349446
Realism/nicholas-roerich_study-of-lying-boy-1894.jpg,12,8,14,4.1714441776275635,0.7,0.05,0.0,0.42211175,0.45926136,0.19718271
Impressionism/camille-pissarro_suicide-of-an-abandoned-woman.jpg,7,2,2,4.1650054335594175,0.05,0.1,0.05,0.66795546,0.48915744,0.47788164
Impressionism/pablo-picasso_alicante-view-of-boats.jpg,7,1,15,4.122918760776519,0.55,0.1,0.0,0.31551227,0.32296023,0.5886087
Realism/nicholas-roerich_plitnaia-hill-1893.jpg,12,4,14,4.089394283294678,0.55,0.25,0.25,0.3183529,0.36742514,0.17482762
Symbolism/martiros-saryan_piping-shepherd-1904.jpg,14,2,13,4.085674095153808,0.0,0.35,0.1,0.6655666,0.41062596,0.38813335
Impressionism/eugene-boudin_by-the-bathing-machines-1866.jpg,7,8,6,4.060194909572601,0.0,0.0,0.0,0.7662882,0.4825357,0.69098115
Impressionism/pierre-auguste-renoir_study-for-the-saone-embraced-by-the-rhone-1915.jpg,7,8,17,4.058297669887542,0.05,0.05,0.05,0.9215899,0.4409457,0.4291667
Realism/camille-pissarro_two-woman-chatting-by-the-sea-st-thomas-1856.jpg,12,2,2,4.05754736661911,0.1,0.3,0.0,0.50319743,0.51838136,0.52087384
Realism/boris-kustodiev_paris-at-night-1909.jpg,12,1,1,4.050940692424774,0.35,0.25,0.15,0.35391372,0.68377,0.1613756
Post_Impressionism/vincent-van-gogh_montmartre-the-quarry-and-windmills-1886-1.jpg,11,1,22,4.040031552314758,0.1,0.15,0.25,0.42912963,0.6802065,0.35063237
Post_Impressionism/salvador-dali_portrait-of-the-cellist-ricard-pichot.jpg,11,6,21,4.020554721355438,0.3,0.45,0.0,0.2903353,0.5371464,0.40196362
Post_Impressionism/vincent-van-gogh_head-of-an-angel-after-rembrandt-1889.jpg,11,7,22,3.999790906906128,0.05,0.65,0.05,0.29436615,0.81087923,0.14496376
Impressionism/paul-cezanne_the-seine-at-bercy-1878.jpg,7,1,16,3.990203487873077,0.3,0.15,0.0,0.58306026,0.59390897,0.38282728
Impressionism/camille-pissarro_in-the-hospital.jpg,7,2,2,3.9818613529205322,0.05,0.15,0.05,0.810696,0.4201095,0.53733313
Realism/nicholas-roerich_apple-tree-1905.jpg,12,4,14,3.980632328987122,0.1,0.2,0.05,0.5324592,0.8365374,0.30037102
Impressionism/camille-pissarro_haymaking-1874.jpg,7,2,2,3.970768690109253,0.7,0.05,0.25,0.3422525,0.4961738,0.19080502
Impressionism/pierre-auguste-renoir_the-champs-elysees-during-the-paris-fair-of-1867-1867.jpg,7,1,17,3.9682425975799562,0.4,0.35,0.05,0.33054996,0.6216869,0.27952057
Impressionism/pierre-auguste-renoir_landscape-1868.jpg,7,4,17,3.961469066143036,0.4,0.65,0.0,0.37749895,0.42638326,0.1846487
Realism/eugene-boudin_beach-scene-trouville-1863.jpg,12,2,6,3.9600148558616644,0.15,0.45,0.05,0.56807333,0.6290432,0.19286862
Post_Impressionism/salvador-dali_seated-monk.jpg,11,6,21,3.9566084504127503,0.0,0.4,0.0,0.43336388,0.55022585,0.6598018
Realism/camille-pissarro_peasant-working-in-the-fields.jpg,12,2,2,3.9552706241607662,0.2,0.15,0.05,0.466168,0.3485458,0.8300156
Impressionism/edgar-degas_view-of-naples-1860.jpg,7,1,5,3.9488917231559757,0.25,0.3,0.05,0.53490365,0.73749155,0.17871307
Realism/john-singer-sargent_in-a-punt-1889.jpg,12,2,11,3.9463267803192137,0.1,0.35,0.0,0.54125476,0.72725856,0.33515993
Realism/vincent-van-gogh_dunes-with-figures-1882(1).jpg,12,2,22,3.9460002183914185,0.3,0.15,0.3,0.59501004,0.28287745,0.42611226
Realism/ivan-shishkin_two-female-figures.jpg,12,2,10,3.926653969287872,0.35,0.35,0.0,0.52746737,0.47978458,0.36609405
Impressionism/edgar-degas_musicians-in-the-orchestra-1872.jpg,7,2,5,3.913286101818085,0.0,0.55,0.0,0.37963754,0.51039225,0.6466841
Post_Impressionism/pablo-picasso_mother-and-child-behind-the-bouquet-of-flowers-1901.jpg,11,2,15,3.9099818706512455,0.35,0.2,0.3,0.5613853,0.40160415,0.2770287
Impressionism/salvador-dali_landscape-near-figueras.jpg,7,4,21,3.8890809416770935,0.2,0.4,0.65,0.26993996,0.2714288,0.3195503
Impressionism/edgar-degas_mme-jacques-fourchy-1883.jpg,7,6,5,3.8886775255203245,0.0,0.45,0.0,0.65594876,0.6604935,0.34488022
Realism/ivan-shishkin_amanita-1879.jpg,12,4,10,3.8806872487068174,0.7,0.25,0.1,0.4910916,0.3345685,0.24365266
Impressionism/edgar-degas_study-of-gentile-bellini-1855.jpg,7,8,5,3.877453327178955,0.05,0.4,0.05,0.38544267,0.5805687,0.6565353
Realism/nicholas-roerich_hunter-on-the-boat.jpg,12,2,14,3.8761030793190003,0.55,0.1,0.25,0.2615503,0.6700483,0.2922983
Realism/salvador-dali_study-for-the-battle-of-tetuan-1.jpg,12,8,21,3.866743540763855,1.0,0.15,0.0,0.41434714,0.3119747,0.25693458
Impressionism/claude-monet_the-red-cape-madame-monet.jpg,7,2,4,3.864457893371582,0.0,0.7,0.0,0.44714355,0.7880927,0.20030588
Realism/vincent-van-gogh_meadows-near-rijswijk-1882.jpg,12,4,22,3.8502379059791565,0.3,0.25,0.45,0.44475192,0.37529352,0.32971668
Realism/ilya-repin_admiralty-1869.jpg,12,1,8,3.8500069260597227,0.5,0.25,0.2,0.3889812,0.5525517,0.25846016
Impressionism/camille-pissarro_portrait-of-ludovic-rodo-pissarro.jpg,7,6,2,3.8407453894615173,0.05,0.7,0.0,0.3986756,0.7994581,0.21112095
Impressionism/pablo-picasso_portrait-of-josep-cardona-1899.jpg,7,2,15,3.8398209571838375,0.3,0.15,0.2,0.5521385,0.7036509,0.25438967
Realism/vincent-van-gogh_beach-with-people-walking-and-boats-1882(1).jpg,12,2,22,3.826645886898041,0.2,0.7,0.0,0.4681222,0.4723176,0.3329143
Romanticism/ivan-aivazovsky_dejection-of-noah-from-mountain-ararat-1897.jpg,13,8,9,3.8247639656066896,0.7,0.1,0.0,0.6332773,0.46565747,0.27630123
Realism/nicholas-roerich_study-of-skull-1894.jpg,12,8,14,3.813098645210266,0.5,0.4,0.0,0.36386576,0.4737721,0.4492635
Realism/vincent-van-gogh_alley-bordered-by-trees-1884(1).jpg,12,4,22,3.808775866031647,0.1,0.45,0.05,0.59146065,0.8201633,0.17960016
Realism/pyotr-konchalovsky_near-the-river.jpg,12,4,18,3.804211735725403,0.5,0.2,0.3,0.4332182,0.5417918,0.22077823
Realism/vincent-van-gogh_peasants-planting-potatoes-1884.jpg,12,2,22,3.8022332191467285,0.2,0.5,0.05,0.4304318,0.7973298,0.22000515
Realism/ilya-repin_putting-a-propagandist-under-arrest-2-1879.jpg,12,8,8,3.794112646579743,0.05,0.25,0.05,0.8186429,0.54458797,0.49265644
Realism/vincent-van-gogh_landscape-with-trees-1881.jpg,12,4,22,3.793796062469483,0.15,0.45,0.15,0.40658453,0.66318107,0.38643834
Realism/john-singer-sargent_ilex-wood-majorca-1908.jpg,12,4,11,3.792221736907959,0.05,0.95,0.05,0.295024,0.5546117,0.3081425
Realism/john-singer-sargent_landscape-near-grasse.jpg,12,4,11,3.7876462936401367,0.05,0.85,0.1,0.31893167,0.5984192,0.2950028
Impressionism/boris-kustodiev_at-marketplace-1903.jpg,7,2,1,3.7656492948532105,0.0,0.15,0.25,0.6101835,0.3507241,0.8734431
Impressionism/edgar-degas_the-crucifixion-after-mantegna-1861.jpg,7,7,5,3.7641239762306213,0.35,0.35,0.3,0.2882818,0.5982657,0.34932855
Impressionism/camille-pissarro_market-at-pontoise.jpg,7,2,2,3.7632145762443545,0.15,0.45,0.1,0.57274497,0.7276116,0.23642887
Realism/vincent-van-gogh_the-heath-with-a-wheelbarrow-1883.jpg,12,4,22,3.7621936440467834,0.2,0.65,0.25,0.4850828,0.50738233,0.1453412
Realism/john-singer-sargent_val-d-aosta-purtud-1907.jpg,12,4,11,3.7466984987258916,0.15,0.95,0.15,0.26115435,0.53975487,0.2023923
Realism/salvador-dali_study-for-the-battle-of-tetuan.jpg,12,8,21,3.742869293689728,0.6,0.15,0.15,0.39803538,0.6315416,0.3275537
Realism/ilya-repin_summer-day-in-abramtsevo-1880.jpg,12,4,8,3.736441457271576,0.05,0.8,0.0,0.565697,0.48937,0.3584915
Impressionism/edgar-degas_gustave-moreau-1868.jpg,7,6,5,3.7347943663597105,0.1,0.55,0.05,0.5685465,0.7600453,0.2366139
Realism/ilya-repin_ukrainian-peasant-house-1880.jpg,12,4,8,3.731778383255005,0.4,0.85,0.0,0.38594043,0.38006508,0.2522161
Post_Impressionism/salvador-dali_the-lake-at-vilabertran.jpg,11,4,21,3.727068221569061,0.0,0.85,0.05,0.43065986,0.4413809,0.50089103
Realism/ilya-repin_death-of-fedor-chizhov-1-1877.jpg,12,6,8,3.7212891221046447,0.65,0.3,0.4,0.3649856,0.3231532,0.24057211
Realism/ilya-repin_bridge-in-abramtsevo-1879.jpg,12,2,8,3.713935899734497,0.65,0.2,0.1,0.706265,0.4123055,0.21749368
Post_Impressionism/salvador-dali_the-three-pines.jpg,11,4,21,3.7100204110145567,0.1,0.8,0.05,0.41661227,0.55898386,0.36438346
Impressionism/childe-hassam_end-of-the-trolley-line-oak-park-illinois.jpg,7,2,3,3.7069383621215817,0.6,0.0,0.05,0.613683,0.75902104,0.27035764
Post_Impressionism/pablo-picasso_the-sun-king-1901.jpg,11,2,15,3.700313079357147,0.25,0.5,0.2,0.4660076,0.69079834,0.192881
Realism/vincent-van-gogh_fisherman-on-the-beach-1882(1).jpg,12,6,22,3.699368250370026,0.35,0.4,0.3,0.5519657,0.48051527,0.21815081
Post_Impressionism/pablo-picasso_dutch-landscape-with-windmills-1905.jpg,11,4,15,3.693229115009308,0.65,0.25,0.0,0.591693,0.5781369,0.23694095
Realism/nicholas-roerich_idol-1898.jpg,12,4,14,3.6875214934349057,0.25,0.2,0.7,0.34926328,0.48322737,0.32998782
Impressionism/pierre-auguste-renoir_dance-in-the-country-1883.jpg,7,8,17,3.685539674758911,0.55,0.4,0.1,0.3782546,0.5320514,0.35415432
Realism/ilya-repin_landscape-near-chuguevo.jpg,12,4,8,3.685215246677399,0.2,0.85,0.0,0.4376883,0.6164171,0.21067934
Realism/ivan-shishkin_the-old-house-on-the-shore-of-the-pond.jpg,12,4,10,3.6843137502670285,0.2,0.9,0.05,0.40966514,0.50485575,0.2511654
Realism/nicholas-roerich_man-from-pskov-1894.jpg,12,2,14,3.6822128653526307,0.0,0.15,0.0,0.96857417,0.35168284,0.8475301
Realism/vincent-van-gogh_town-d-avray-l-etang-au-batelier-1875.jpg,12,8,22,3.6796822547912598,0.2,0.35,0.2,0.57662773,0.6376928,0.35599723
Realism/ivan-shishkin_peasant-and-peddler-1855.jpg,12,2,10,3.675683295726776,0.55,0.35,0.0,0.5940158,0.6613482,0.16895269
Impressionism/childe-hassam_village-scene-1885.jpg,7,4,3,3.6728915333747865,0.75,0.4,0.0,0.35853845,0.6469764,0.17159359
Impressionism/claude-monet_jean-monet-in-the-craddle.jpg,7,6,4,3.6645503759384157,0.75,0.2,0.1,0.4098564,0.7532394,0.12235376
Post_Impressionism/vincent-van-gogh_the-starry-night-1888-2.jpg,11,4,22,3.663903069496155,0.05,0.45,0.05,0.5505034,0.8439393,0.39165425
Realism/ivan-shishkin_study-for-the-painting-noon-in-the-vicinity-of-moscow.jpg,12,4,10,3.663278651237488,0.3,0.95,0.05,0.365813,0.48951507,0.18139327
Impressionism/claude-monet_not_detected_212140.jpg,7,4,4,3.6603670358657836,0.05,0.8,0.0,0.5306806,0.5390902,0.41986215
Impressionism/camille-pissarro_the-tedders-1.jpg,7,2,2,3.6596774816513062,0.1,0.7,0.1,0.5345472,0.66482735,0.24094796
Realism/ilya-repin_barge-haulers-by-campfire-1870.jpg,12,2,8,3.659599888324738,0.35,0.45,0.15,0.52562314,0.5928835,0.27189344
Realism/pierre-auguste-renoir_the-pont-des-arts-and-the-institut-de-france-1867.jpg,12,1,17,3.6570370316505434,0.1,0.7,0.0,0.50787324,0.8422606,0.1928291
Impressionism/edgar-degas_edouard-manet-standing.jpg,7,6,5,3.651172602176666,0.0,0.6,0.0,0.81964177,0.45067453,0.47851112
Realism/ilya-repin_peasant-yard-1879.jpg,12,4,8,3.648014545440674,0.7,0.25,0.05,0.7365244,0.42515227,0.19030873
Post_Impressionism/salvador-dali_character-masquerading-in-pinning-up-a-butterfly.jpg,11,2,21,3.643771731853485,0.35,0.35,0.4,0.36066866,0.34182355,0.55373603
Realism/camille-pissarro_the-harvest.jpg,12,2,2,3.6421759009361265,0.25,0.25,0.45,0.67736506,0.4305441,0.2999149
Post_Impressionism/vincent-van-gogh_moulin-de-la-galette-1886.jpg,11,4,22,3.6419620752334594,0.05,0.7,0.1,0.5103268,0.62581897,0.37189215
Realism/eugene-boudin_study-of-fishing-boats.jpg,12,8,6,3.6404370069503784,0.15,0.0,0.85,0.31801414,0.29895464,0.74259424
Realism/nicholas-roerich_issuance-of-head.jpg,12,2,14,3.637743389606476,0.7,0.1,0.1,0.44462895,0.5680651,0.44956252
Impressionism/pierre-auguste-renoir_portrait-of-a-woman-mme-georges-hartmann-1874.jpg,7,6,17,3.632530927658081,0.75,0.2,0.05,0.35907653,0.3474594,0.66093314
Realism/ilya-repin_church-and-bell-tower-in-chuguyev-1880.jpg,12,1,8,3.6254386067390443,0.55,0.35,0.0,0.5182064,0.75171095,0.20464404
Impressionism/pierre-auguste-renoir_man-carrying-a-boy.jpg,7,2,17,3.6249218821525573,0.65,0.05,0.65,0.36304924,0.44758263,0.21444625
Realism/ivan-shishkin_forest-4.jpg,12,4,10,3.622812867164612,0.45,0.5,0.05,0.6944804,0.3250698,0.3576369
Impressionism/claude-monet_camille-monet-on-a-garden-bench.jpg,7,6,4,3.6203155398368834,0.65,0.55,0.25,0.3195006,0.46679413,0.14338978
Realism/camille-pissarro_the-road.jpg,12,4,2,3.6091291308403015,0.3,0.8,0.4,0.28844002,0.31810027,0.28433058
Impressionism/claude-monet_camille-on-the-beach-1871.jpg,7,6,4,3.602933716773987,0.1,0.7,0.0,0.48538455,0.48201814,0.6296636
Realism/john-singer-sargent_alhambra-patio-de-la-reja-1879.jpg,12,1,11,3.6025446414947506,0.2,0.4,0.3,0.4899181,0.8395268,0.16801047
Impressionism/pierre-auguste-renoir_nude-study-for-the-large-bathers-1887.jpg,7,8,17,3.601819920539856,0.5,0.45,0.25,0.3314038,0.7053443,0.16143198
Realism/vincent-van-gogh_four-peasants-at-a-meal-study-for-the-potato-eaters-1885(1).jpg,12,2,22,3.60120986700058,0.6,0.45,0.4,0.32048035,0.40812033,0.22018944
Impressionism/camille-pissarro_seated-shepherdess.jpg,7,2,2,3.5992884635925293,0.25,0.65,0.1,0.5503055,0.6219794,0.22842664
Impressionism/salvador-dali_llaner-beach-in-cadaques.jpg,7,4,21,3.5912620544433596,0.45,0.35,0.0,0.63271946,0.6992763,0.27674216
Realism/pyotr-konchalovsky_early-spring.jpg,12,4,18,3.590677881240845,0.25,0.9,0.2,0.3706323,0.5117146,0.17697522
Realism/martiros-saryan_mountain-river-1971.jpg,12,8,13,3.590171897411347,0.9,0.25,0.2,0.2704003,0.48008353,0.3093443
Impressionism/pierre-auguste-renoir_a-walk-in-the-woods-madame-lecoeur-and-her-children-1870.jpg,7,4,17,3.588171064853668,0.3,0.9,0.05,0.5000304,0.41403666,0.24776192
Realism/john-singer-sargent_a-backwater-at-wargrave-1887.jpg,12,4,11,3.5857800722122195,0.15,0.9,0.15,0.39184254,0.5715362,0.2508412
Impressionism/pierre-auguste-renoir_bather.jpg,7,8,17,3.582805001735687,0.25,0.6,0.25,0.30335084,0.6831629,0.33068126
Realism/pierre-auguste-renoir_skaters-in-the-bois-de-boulogne-1868.jpg,12,2,17,3.5824978709220887,0.05,0.6,0.0,0.7705766,0.6541392,0.3427863
Realism/vincent-van-gogh_dunes-with-figures-1882-1(1).jpg,12,2,22,3.582394766807556,0.35,0.65,0.2,0.42953816,0.5514722,0.23659489
Realism/vincent-van-gogh_girl-with-pinafore-half-figure-1883(1).jpg,12,6,22,3.5708451867103577,0.1,0.85,0.05,0.4200772,0.5431101,0.4659675
Realism/vincent-van-gogh_the-vicarage-at-nuenen-1885.jpg,12,4,22,3.566464352607727,0.25,0.55,0.15,0.42446563,0.7849312,0.2741388
Post_Impressionism/vincent-van-gogh_the-seine-with-a-rowing-boat-1887.jpg,11,4,22,3.564395248889923,0.0,1.0,0.0,0.39230675,0.5866697,0.45662835
Realism/nicholas-roerich_hunting-the-bears.jpg,12,8,14,3.5630302190780636,0.3,0.9,0.2,0.2994681,0.53674704,0.20075464
Realism/john-singer-sargent_sheepfold-in-the-tirol-1915.jpg,12,4,11,3.5506253242492676,0.45,0.7,0.1,0.51084226,0.51146734,0.17706509
Realism/ilya-repin_african-motiff.jpg,12,2,8,3.5505651950836183,0.15,0.9,0.0,0.41760558,0.670559,0.31127027
Post_Impressionism/salvador-dali_fishermen-at-cadaques.jpg,11,2,21,3.5503647685050965,0.3,0.1,0.75,0.37068483,0.33030698,0.59864336
Realism/ilya-repin_preparation-for-the-examination-1864.jpg,12,2,8,3.549879312515259,0.65,0.35,0.0,0.5962938,0.53120995,0.3226169
Realism/vincent-van-gogh_dunes-1882(1).jpg,12,4,22,3.5473890900611877,0.0,1.0,0.0,0.66963726,0.37264574,0.41032794
Romanticism/gustave-dore_a-mountainous-landscape-with-a-balloon.jpg,13,4,7,3.5455076575279234,0.15,1.0,0.05,0.42774534,0.6078222,0.21892484
Impressionism/edgar-degas_jockey.jpg,7,2,5,3.5444101810455324,0.55,0.3,0.45,0.28156075,0.71033835,0.16369066
Romanticism/paul-cezanne_portrait-of-emile-zola-1864.jpg,13,6,16,3.5431193113327026,0.0,1.0,0.0,0.4727635,0.8100149,0.17410223
Impressionism/camille-pissarro_peasant-woman-standing-next-to-a-tree.jpg,7,2,2,3.5364887595176695,0.95,0.15,0.1,0.6625809,0.4020686,0.19886175
Impressionism/claude-monet_the-blue-house-at-zaandam.jpg,7,1,4,3.5356551885604857,0.05,0.65,0.0,0.6594564,0.7708396,0.33404884
Realism/camille-pissarro_woman-carrying-a-pitcher-on-her-head.jpg,12,2,2,3.5331099033355713,0.25,0.65,0.35,0.40820658,0.6389471,0.1697364
Impressionism/claude-monet_train-in-the-snow-at-argenteuil-1875.jpg,7,4,4,3.5324419498443604,0.45,0.85,0.1,0.41179037,0.40195632,0.25381136
Impressionism/pierre-auguste-renoir_country-dance-study-1883.jpg,7,8,17,3.5319319009780883,0.35,0.75,0.0,0.34551698,0.8572571,0.16529398
Impressionism/camille-pissarro_women-tending-the-laundry-study.jpg,7,2,2,3.528762185573578,0.75,0.2,0.4,0.45353976,0.3641296,0.30356848
Impressionism/camille-pissarro_the-war-of-haves-and-have-nots.jpg,7,2,2,3.5269982695579527,0.0,0.45,0.0,0.926725,0.47742015,0.6188566
Impressionism/pierre-auguste-renoir_the-rhone-and-the-seine.jpg,7,8,17,3.5187191367149353,0.15,0.95,0.15,0.38701984,0.6238166,0.22044437
Post_Impressionism/pyotr-konchalovsky_portrait-of-the-actress-vera-georgievna-dulova-1949.jpg,11,6,18,3.5103172898292545,0.6,0.45,0.05,0.47063285,0.57021797,0.34883186
Impressionism/john-singer-sargent_the-sphinx.jpg,7,4,11,3.5060674428939818,0.6,0.4,0.45,0.36580503,0.38967368,0.28845385
Realism/vincent-van-gogh_the-parsonage-garden-at-nuenen-in-the-snow-1885.jpg,12,4,22,3.505558550357818,0.35,0.55,0.35,0.43197808,0.60261697,0.20984635
Impressionism/claude-monet_boats-at-zaandam.jpg,7,1,4,3.504023814201355,0.75,0.25,0.1,0.40710795,0.7196351,0.26923308
Realism/vincent-van-gogh_sorrow-1882-1.jpg,12,8,22,3.4977222204208376,0.15,0.75,0.4,0.36704117,0.586976,0.24826065
Realism/camille-pissarro_mountain-landscape-at-saint-thomas-antilles-unfinished.jpg,12,4,2,3.4939169883728027,0.3,0.85,0.35,0.27683708,0.53025776,0.19898814
Impressionism/edgar-degas_david-and-goliath.jpg,7,7,5,3.4877389788627626,0.05,0.95,0.05,0.4613807,0.72269005,0.27819023
Impressionism/edgar-degas_view-of-saint-valery-sur-somme.jpg,7,1,5,3.482580554485321,0.8,0.15,0.1,0.3926229,0.8254461,0.24935043
Impressionism/pierre-auguste-renoir_woman-with-a-parrot-henriette-darras-1871.jpg,7,2,17,3.479264724254608,0.2,0.15,0.1,0.5196815,0.71487117,0.8361826
Impressionism/childe-hassam_idle-hours.jpg,7,2,3,3.4742255091667174,0.8,0.15,0.5,0.47783607,0.35795686,0.23998153
Realism/pyotr-konchalovsky_cottages.jpg,12,4,18,3.4733344197273253,0.25,0.85,0.1,0.47614443,0.45212993,0.3983912
Realism/ivan-shishkin_clouds-over-the-grove-1878.jpg,12,4,10,3.4720374941825867,0.0,0.0,0.0,0.93703866,0.7899379,0.80098593
Impressionism/claude-monet_norway-sandviken-village-in-the-snow.jpg,7,4,4,3.4657556891441343,0.35,0.1,0.25,0.7574927,0.8316823,0.24506924
Realism/ilya-repin_street-in-tiflis-1881.jpg,12,1,8,3.4642151832580566,0.25,0.5,0.1,0.45197475,0.889273,0.34453708
Impressionism/edgar-degas_girl-in-red-1876.jpg,7,6,5,3.4583842873573305,0.05,0.95,0.05,0.45620927,0.79539275,0.24001366
Expressionism/marc-chagall_vitebsk-1914.jpg,5,2,12,3.4583527207374574,0.4,0.4,0.35,0.63460314,0.46919087,0.2878533
Impressionism/childe-hassam_french-peasant-girl.jpg,7,6,3,3.4576388955116273,0.15,0.75,0.0,0.7009957,0.5036823,0.4376831
Realism/camille-pissarro_apple-trees-at-pontoise-1868.jpg,12,2,2,3.456605923175812,0.3,0.0,0.75,0.37181696,0.56389993,0.55767715
Impressionism/camille-pissarro_lucien-pissarro-in-an-interior.jpg,7,6,2,3.455667865276337,0.3,0.75,0.0,0.71525884,0.4849208,0.29415253
Impressionism/boris-kustodiev_family-portrait-1904.jpg,7,6,1,3.4553938031196596,0.5,0.7,0.1,0.33659512,0.56962484,0.33838624
Impressionism/camille-pissarro_laundresses-on-the-banks-of-the-oise-at-pontoise.jpg,7,2,2,3.453953802585602,1.0,0.45,0.05,0.53690046,0.31278813,0.19635761
Realism/vincent-van-gogh_peasant-woman-by-the-hearth.jpg,12,2,22,3.45324798822403,0.2,0.7,0.2,0.39163163,0.794843,0.2602774
Impressionism/ilya-repin_horse-riding-portrait-1913.jpg,7,6,8,3.45309602022171,0.95,0.0,0.0,0.6241827,0.46117333,0.511548
Impressionism/childe-hassam_afternoon-in-nantucket.jpg,7,2,3,3.4524199128150936,0.7,0.15,0.3,0.38348594,0.52730745,0.48678675
Realism/camille-pissarro_hill-of-jallais-at-pontoise.jpg,12,4,2,3.451416850090027,0.45,0.7,0.35,0.33490902,0.4926057,0.22106844
Impressionism/claude-monet_the-artist-s-family-in-the-garden.jpg,7,2,4,3.445231628417969,0.7,0.1,0.5,0.5581909,0.41916817,0.27740932
Realism/nicholas-roerich_study-of-walls.jpg,12,8,14,3.441335141658783,0.0,0.0,1.0,0.6379798,0.37221694,0.5484681
Realism/nicholas-roerich_approach-to-gryzovo-village-1893.jpg,12,4,14,3.4371545910835266,0.9,0.45,0.15,0.38373864,0.3510836,0.32802314
Impressionism/claude-monet_windmill-at-zaandam.jpg,7,4,4,3.4370170354843137,0.55,0.65,0.1,0.34777677,0.68560934,0.22959687
Realism/nicholas-roerich_waiting-1901.jpg,12,2,14,3.435991406440735,0.9,0.35,0.0,0.55660224,0.44762605,0.3097803
Post_Impressionism/vincent-van-gogh_flowering-garden-1888(1).jpg,11,4,22,3.4333279848098757,0.05,0.95,0.05,0.46879214,0.5818042,0.46607566
Impressionism/edgar-degas_dancer-with-a-fan.jpg,7,2,5,3.430178010463715,0.3,0.25,0.3,0.46348503,0.6642705,0.59206647
Impressionism/boris-kustodiev_moscow-red-square.jpg,7,1,1,3.4274229168891903,0.35,0.35,0.45,0.23614497,0.84112984,0.34530228
Realism/eugene-boudin_farm-near-quimper.jpg,12,4,6,3.4267019987106324,0.75,0.7,0.2,0.35083526,0.36298817,0.20947453
Realism/john-singer-sargent_olive-trees-at-corfu-1909.jpg,12,4,11,3.4263999462127686,0.35,0.9,0.25,0.40391412,0.4434505,0.22623545
Realism/ivan-shishkin_cows-under-the-oak-1863.jpg,12,4,10,3.421577823162079,0.7,0.4,0.2,0.42428705,0.37251875,0.48161632
Realism/boris-kustodiev_summer-1922.jpg,12,4,1,3.4199320554733275,0.6,0.5,0.1,0.5201735,0.62698114,0.23291332
Realism/john-singer-sargent_mosquito-nets-1908.jpg,12,2,11,3.419214498996735,0.35,0.25,0.45,0.46643993,0.49557787,0.56876767
Realism/pablo-picasso_quarries-1896.jpg,12,4,15,3.419138765335083,0.15,1.0,0.0,0.6461508,0.6107851,0.17392527
Realism/nicholas-roerich_ukrainian-landscape.jpg,12,4,14,3.418711280822754,0.0,0.9,0.0,0.6407108,0.5714018,0.46917617
Symbolism/pablo-picasso_salome-1905.jpg,14,8,15,3.4181209683418277,0.35,0.45,0.15,0.5165867,0.6637404,0.45155194
Realism/pablo-picasso_the-altarboy-1896.jpg,12,2,15,3.4141056299209596,0.4,0.7,0.05,0.4625977,0.6604258,0.31287083
Realism/nicholas-roerich_ozertitsy-lakes-1893.jpg,12,4,14,3.41237827539444,0.7,0.45,0.45,0.32174754,0.49370605,0.17216812
Realism/vincent-van-gogh_baby(1).jpg,12,6,22,3.4110543608665465,0.5,0.2,0.5,0.44836697,0.51027524,0.4303034
Impressionism/pierre-auguste-renoir_dance-in-the-country-1883-1.jpg,7,2,17,3.404712951183319,0.65,0.4,0.1,0.5962219,0.56174463,0.2873205
Realism/ilya-repin_portrait-of-a-woman.jpg,12,6,8,3.401452136039734,0.4,0.7,0.2,0.32937717,0.5584414,0.41072926
Realism/nicholas-roerich_study-1901-2.jpg,12,8,14,3.4003399848937987,0.55,0.8,0.0,0.3054699,0.72078794,0.22340219
Impressionism/edgar-degas_hortense-valpinson-1870.jpg,7,6,5,3.397013735771179,0.55,0.4,0.35,0.5384433,0.4878146,0.27672833
Realism/ivan-shishkin_krestovsky-island-shrouded-in-mist.jpg,12,4,10,3.3964056253433226,0.3,1.0,0.15,0.4162933,0.5084834,0.22881773
Post_Impressionism/vincent-van-gogh_the-outskirts-of-paris-1886.jpg,11,2,22,3.394565987586975,0.5,0.1,0.85,0.42749622,0.49252152,0.23541631
Impressionism/claude-monet_madame-monet-embroidering-1875.jpg,7,6,4,3.393003213405609,0.9,0.25,0.05,0.48696357,0.585526,0.3345072
Naive_Art_Primitivism/salvador-dali_fishermen-in-cadaques.jpg,8,4,21,3.3866190314292908,0.75,0.1,0.15,0.66948473,0.66640586,0.27749035
Post_Impressionism/martiros-saryan_anticipation-of-the-fall.jpg,11,4,13,3.3835777044296265,0.05,0.95,0.0,0.6033784,0.75943756,0.2536063
Impressionism/camille-pissarro_landscape-at-eragny-1890.jpg,7,4,2,3.3828209042549133,1.0,0.45,0.05,0.50454223,0.24758048,0.36505643
Post_Impressionism/salvador-dali_portrait-of-my-father-1921.jpg,11,6,21,3.382581043243408,0.7,0.3,0.2,0.62719595,0.48287323,0.30734977
Impressionism/pierre-auguste-renoir_bather-drying-herself.jpg,7,8,17,3.3806666851043703,0.25,0.4,0.15,0.85422194,0.43908775,0.5260236
Post_Impressionism/vincent-van-gogh_wheat-fields-with-stacks-1888.jpg,11,4,22,3.380401408672333,0.35,0.7,0.1,0.62146705,0.52739,0.32074153
Realism/vincent-van-gogh_woman-sien-with-baby-on-her-lap-half-figure-1882.jpg,12,2,22,3.3783283948898317,0.25,0.5,0.55,0.42051032,0.69413054,0.2070308
Realism/vincent-van-gogh_women-mending-nets-in-the-dunes-1882.jpg,12,2,22,3.3740193128585814,0.25,0.15,0.8,0.5978457,0.38969973,0.43843535
Impressionism/eugene-boudin_on-the-beach-trouville-1887.jpg,7,2,6,3.372528827190399,0.35,0.55,0.25,0.42468312,0.76487565,0.28791243
Impressionism/ilya-repin_the-yield-on-the-red-porch-1910.jpg,7,2,8,3.3672885656356812,0.0,0.0,0.9,0.54824865,0.47322282,0.71123993
Realism/ivan-shishkin_the-bark-on-the-dry-trunk-1890.jpg,12,4,10,3.364902472496033,0.3,1.0,0.1,0.5265518,0.5565799,0.15196583
Impressionism/camille-pissarro_sunset-with-mist-eragny-1890.jpg,7,4,2,3.3638248562812807,0.95,0.8,0.05,0.21890873,0.3539781,0.26328832
Realism/pyotr-konchalovsky_do-not-called-1947.jpg,12,2,18,3.36277197599411,0.5,0.5,0.45,0.28922805,0.536161,0.36183894
Impressionism/claude-monet_victor-jacquemont-holding-a-parasol.jpg,7,6,4,3.3605148911476133,0.1,0.85,0.1,0.46490973,0.7576708,0.36690456
Realism/nicholas-roerich_izvara-1897.jpg,12,8,14,3.3547494530677797,0.3,0.75,0.0,0.5388547,0.6002626,0.45613325
Impressionism/camille-pissarro_the-clearing.jpg,7,2,2,3.3529156923294066,0.85,0.15,0.2,0.72316176,0.4958298,0.22809272
Realism/edgar-degas_still-life-with-lizard-1860.jpg,12,9,5,3.350876498222351,0.2,1.0,0.0,0.23057336,0.98925227,0.22929786
Impressionism/camille-pissarro_three-peasant-women-1890.jpg,7,6,2,3.350415897369385,0.65,0.2,0.2,0.67348,0.67516845,0.25093564
Impressionism/childe-hassam_mt-hood-oregon.jpg,7,4,3,3.3502480030059814,0.3,0.8,0.25,0.6218725,0.41264397,0.26523554
Impressionism/john-singer-sargent_paul-helleu.jpg,7,8,11,3.3497037529945377,0.95,0.1,0.05,0.4775754,0.41025874,0.66246206
